url,account,body,time,hashtag
https://www.instagram.com/p/CUJwPAtpzM4/,insight_platform,"외식 배달 인사이트 “배달매출 향상과정” 두번째 시간에는 앳트래커를 서비스하고 있는 누벤트 김천식 대표의 강연이 진행되었습니다. 매출과 단골고객관리, 배달서비스, 깃발좌표 등 사장님들에게 꼭 필요한 활용사례와 함께 시연을 통해 소개해주었습니다. 더 자세한 후기가 궁금하시다면? 홈페이지>프로그램 후기에서 확인하세요! ⠀⠀⠀⠀⠀⠀⠀⠀⠀⠀⠀⠀⠀⠀⠀⠀⠀ 🚩 [배달을 통한 순수익 증대방안] 오프라인 단과 신청 가능! * 강연자: 단꿈TV 한만익 대표 * 일시: 9/28(화) 2시 🚩 놓치지 말아야 할 오프라인 혜택! 신규회원 3만원 즉시할인 & 다시보기 서비스 최대 40% 추가적립! VIP Voucher 판매 개시 -F & B 인사이트 충전, 온오프라인 원하는대로- ⠀⠀⠀⠀⠀⠀⠀⠀⠀⠀⠀⠀⠀⠀⠀⠀⠀ ■ 신청: @insight_platform에서 홈페이지 링크로 신청 ■ 문의: 카카오톡 플러스친구ID_인사이트플랫폼 www.insightplatform.co.kr ⠀⠀⠀⠀⠀⠀⠀⠀⠀⠀⠀⠀⠀⠀⠀⠀ #인사이트플랫폼 #배달매출향상과정 #배달교육 #배달매출 #외식배달 #배달브랜드 #배달트렌드 #배달앱 #깃발꼽기 #빅데이터분석 #빅데이터활용 #데이터분석 #배달상권 #단건배달 #배달수익 #배달손익관리 #배달장사 #앳트래커 #배달테크 #깃발꼽기 #깃발위치 #푸드테크",2021년 9월 23일, #인사이트플랫폼 #배달매출향상과정 #배달교육 #배달매출 #외식배달 #배달브랜드 #배달트렌드 #배달앱 #깃발꼽기 #빅데이터분석 #빅데이터활용 #데이터분석 #배달상권 #단건배달 #배달수익 #배달손익관리 #배달장사 #앳트래커 #배달테크 #깃발꼽기 #깃발위치 #푸드테크
https://www.instagram.com/p/CE_qOSlp5yJ/,paradigm.insight.mj,"회사에서 먹는 텍사스데브라질 슈하스코! #배달의시대 #코로나시대 #직장인점심 . . 텍브도 드디어 배달을 시작했습니다. 슈하스코+뷔페인 텍브 메뉴들이 집으로 사무실로 다 배달됩니다. 2인분이라 써있지만 인플 여자들 네명이 먹고 고기가 남을 정도 푸짐했어요🥰. #우리양많은여자들인데ㅋㅋ . 말이 필요없는 텍브의 질 좋은 각종 고기들과 채소들, 숨은 맛템인 김치볶음밥까지! 맛있고 건강한 식사. #고단백식사 . . 우리집은 배달 안되는게 너무 아쉽네요ㅜㅜ 집에서 먹기 딱 일듯. #인플금욜점심 #코로나블루이기는점심 #약속때메홍팀이빠져아쉽네 #가성비갑 #뭐가남나요 . . . #슈하스코 #브라질리언슈하스코 #텍사스데브라질 #외식배달 #압구정맛집 #맛집추천 #남소장찐맛집 #요새모든사진이집아니면회사네 #2.5단계모범생이네",2020년 9월 11일, #배달의시대 #코로나시대 #직장인점심 #우리양많은여자들인데ㅋㅋ #고단백식사 #인플금욜점심 #코로나블루이기는점심 #약속때메홍팀이빠져아쉽네 #가성비갑 #뭐가남나요 #슈하스코 #브라질리언슈하스코 #텍사스데브라질 #외식배달 #압구정맛집 #맛집추천 #남소장찐맛집 #요새모든사진이집아니면회사네 #2.5단계모범생이네
https://www.instagram.com/p/CQSrVwoFkqU/,baby_lee_0805,#식단기록 언젠지는.. 가물가물.. 보쌈도 해먹고 비빔밥도 해먹었지만 .. 뭐 결국 감자탕도 사먹고 오징어회도 사먹고 통닭도 사먹고 걍 계속 사먹은 나날들… 반성중…🤦‍♀️ #식단 #외식배달 #우리가어떤민족인가,2021년 6월 19일, #식단기록 #식단 #외식배달 #우리가어떤민족인가
https://www.instagram.com/p/CJOgI-QFSmg/,j.bora,"신방동 '다미' 한상 이벤트 전지역 배달가능 ( 요금비 발생 거리순) 소고기 , 돼지고기 최고등급 신선한 고기를 집에서 맛있게 드실 수 있습니다 '다미'에서 새롭게 진행하는 이벤트 사랑하는 사람들과 마음 편하게 맛있는 음식을 먹고싶지만 그렇지 못한 현실.. 속상해하지 마시고 '다미'로 전화주세요 제가 먹은건 갈비살 + 꽃살...꽃살앞에 왜 눈 이 빠졌죠? 눈꽃살....이예요 사르륵 녹는 그대는 눈과도 같아요❄ 신선한 고기 , 직접만든 장아찌 , 고사리 , 콩나물 불판 , 가위 , 집게만 준비하세요 고기구울 준비 끝! 모든건 '다미'에서 준비해드릴게요 ^_^ 신방동 소고기전문점 다미 _ @dami0415754713 🥩 #소갈비살 #꽃살 #소고기배달 #돼지고기배달 #🍖 #제품협찬 #광고",2020년 12월 26일, #소갈비살 #꽃살 #소고기배달 #돼지고기배달 #🍖 #제품협찬 #광고
https://www.instagram.com/p/CThIQhsprWn/,insight_platform,"외식 배달 인사이트 “배달매출 향상과정”이 오픈했습니다. 배달 브랜드의 경쟁력 강화전략과 배달마케팅, 주문을 부르는 메뉴표기, 배달상권등을 주제로 다양한 배달브랜딩 전략을 소개했습니다. 더 자세한 후기가 궁금하시다면? 홈페이지>프로그램 후기에서 확인하세요! ⠀⠀⠀⠀⠀⠀⠀⠀⠀⠀⠀⠀⠀⠀⠀⠀⠀ 🚩 다음주 단과 신청가능합니다! * 강연주제: 빅데이터 기반 우리매장 배달활성화 전략 * 강연자: 앳트래커 김천식 대표 * 일시: 9/14(화) 2시 🚩 놓치지 말아야 할 오프라인 혜택! * 신규회원 3만원 즉시할인 & 다시보기 서비스 제공 -F & B 인사이트 충전, 온오프라인 원하는대로- ⠀⠀⠀⠀⠀⠀⠀⠀⠀⠀⠀⠀⠀⠀⠀⠀⠀ ■ 신청: @insight_platform에서 홈페이지 링크로 신청 ■ 문의: 카카오톡 플러스친구ID_인사이트플랫폼 www.insightplatform.co.kr ⠀⠀⠀⠀⠀⠀⠀⠀⠀⠀⠀⠀⠀⠀⠀⠀ #인사이트플랫폼 #배달매출향상과정 #배달교육 #배달매출 #외식배달 #배달브랜드 #배달트렌드 #배달앱 #깃발꼽기 #빅데이터분석 #빅데이터활용 #데이터분석 #배달상권 #단건배달 #배달수익 #배달손익관리 #배달장사 #최형욱 #앳트래커 #배달테크 #깃발꼽기 #깃발위치 #푸드테크",2021년 9월 7일, #인사이트플랫폼 #배달매출향상과정 #배달교육 #배달매출 #외식배달 #배달브랜드 #배달트렌드 #배달앱 #깃발꼽기 #빅데이터분석 #빅데이터활용 #데이터분석 #배달상권 #단건배달 #배달수익 #배달손익관리 #배달장사 #최형욱 #앳트래커 #배달테크 #깃발꼽기 #깃발위치 #푸드테크
https://www.instagram.com/p/BGlMOCGG04i/,homesukki_0,이제 #배달의민족 #어플 에서도 #홈수끼를 만나보실 수 있습니다! 많은 사랑 부탁드립니다 💕 . . #homesukki #sukkisukki #sukki #shabushabu #shabu #바닷가재 #랍스터 #회 #강남구청 #논현동 #찹쌀탕수육 #뽕가리 #막방 #맛스타그램 #먹스타그램 #올림픽공원 #연예인 #연예인맛집 #강남맛집 #방이동맛집 #배민 #배민라이더 #외식배달 #맛팔 #선팔,2016년 6월 13일, #배달의민족 #어플 #홈수끼를 #homesukki #sukkisukki #sukki #shabushabu #shabu #바닷가재 #랍스터 #회 #강남구청 #논현동 #찹쌀탕수육 #뽕가리 #막방 #맛스타그램 #먹스타그램 #올림픽공원 #연예인 #연예인맛집 #강남맛집 #방이동맛집 #배민 #배민라이더 #외식배달 #맛팔 #선팔
https://www.instagram.com/p/4S-msaiq1t/,gardensang,난 준비가 되었다. #배민라이더스#외식배달#배민수산#주문하시오#배달의민족,2015년 6월 24일, #배민라이더스#외식배달#배민수산#주문하시오#배달의민족
https://www.instagram.com/p/BGlRW34m0xM/,homesukki_0,이제 #배달의민족 #어플 에서도 #홈수끼를 만나보실 수 있습니다! 많은 사랑 부탁드립니다 💕 . . #homesukki #sukkisukki #sukki #shabushabu #shabu #바닷가재 #랍스터 #회 #강남구청 #논현동 #찹쌀탕수육 #뽕가리 #막방 #맛스타그램 #먹스타그램 #올림픽공원 #연예인 #연예인맛집 #강남맛집 #방이동맛집 #배민 #배민라이더 #외식배달 #맛팔 #선팔,2016년 6월 13일, #배달의민족 #어플 #홈수끼를 #homesukki #sukkisukki #sukki #shabushabu #shabu #바닷가재 #랍스터 #회 #강남구청 #논현동 #찹쌀탕수육 #뽕가리 #막방 #맛스타그램 #먹스타그램 #올림픽공원 #연예인 #연예인맛집 #강남맛집 #방이동맛집 #배민 #배민라이더 #외식배달 #맛팔 #선팔
https://www.instagram.com/p/CHIVTYsD9ai/,beautylee0105,오늘의 기록 2020.11.03 간만에 저녁배달♡ 맛있는 시카고피자 : @sutajeonju 맛있는 치킨 : @jjul0429 #이런게행복이다 #저녁 #외식배달 #피자 #치킨 #늠늠맛나네,2020년 11월 3일, #이런게행복이다 #저녁 #외식배달 #피자 #치킨 #늠늠맛나네
https://www.instagram.com/p/CX5eyENIXvI/,redmilk2018,동생 회사 제품이 방송을 탔답니다. 요즘 시대에 너무도 추천하고 싶은 제품이지요 #에이핑크보미 #빅플로의진 이 함께해 주었어요 #추운날은한통도시락 #외식배달 업을 하시는 분들께 추천 #한통 #한통도시락 #어쩌다마주친 #MBC net #배달용기 #배달도시락 #자랑스런동생 #한대표님🥰 🎄올 크리스마스는 동생 덕분에 친정가족 모두 젤 행복한 크리스마스가 되었어요.,2021년 12월 25일, #에이핑크보미 #빅플로의진 #추운날은한통도시락 #외식배달 #한통 #한통도시락 #어쩌다마주친 #MBC #배달용기 #배달도시락 #자랑스런동생 #한대표님🥰
https://www.instagram.com/p/CWs2ICPBj0u/,hwahg14,저녁 신랑이 보쌈먹고 싶어해서 원할머니 보쌈 솜씨보쌈 시켜먹었어요~^^ 절임배추 많이 추가주문 해서 쌈싸먹기♡ #원할머니보쌈 #보쌈#솜씨보쌈#절임배추#저녁#저녁식사#외식#외식배달,2021년 11월 25일, #원할머니보쌈 #보쌈#솜씨보쌈#절임배추#저녁#저녁식사#외식#외식배달
https://www.instagram.com/p/CVQFlXRJpWm/,ksukyoung,#광고 지만 맛있어서 단골각 #미트일번지 . #오늘뭐먹지 고민하지 말고 #저녁메뉴추천 나영구리 혼밥 다이어트 나름 맛있는 #황재다이어트 ㅋㅋ라며 #빔프로젝터 켜놓고 #불멍스피커 틀어놓으니 #홈캠핑 완료!~ 좋아하는 숲속정원길 구경하면서 #푸짐한 #고기파티 중이여라~ 미트일번지의 #아너스72 신제품 양념육은 특수부위를 특별 레시피 수제 양념으로 만들었다며 양념가득 육질본능 고소하면서도 부드러움이 일품진것이 돼지고기를 망각한 제품이네요.. 입안에서 살살 녹아 내리는 것이 ~ 인건 솜사탕인건가 ㅋㅋ 짜지도 달지도 않아 정말 맛있어요.. 집들이나 홈파티할때도 최고 최고 캠핑은 두말하면 잔소리쥬!!! 라잇나우!!! #이너스72양념육 신제품 4팩 구매시 무료배송에 닭발2팩을 증정한대요 아너스 양념육 #신제품출시기념이벤트 가보기 ✅2팩 구매시 무료배송 + 무뼈닭발1봉지 증정 ✅4팩 구매지 무료배송 + 무뼈닭발2봉지 증정 ✅6팩 구매시 무료배송 + 무뼈닭발3봉지 증정 닭발까지 엄청 먹고 싶다믄 가보기 있기 없기! 👉https://smartstore.naver.com/primarymeat . . #집들이음식 #돈라갈비 #안창살 #소갈비살 #LA갈비 #무뼈닭발 #닭발맛집 #고기배달 #홈파티 #외식배달 #외식대신 #외식대신배달 #고기홈파티 #가족외식 #식사스타그램 #고기덕후 #양념고기추천,2021년 10월 20일, #광고 #미트일번지 #오늘뭐먹지 #저녁메뉴추천 #황재다이어트 #빔프로젝터 #불멍스피커 #홈캠핑 #푸짐한 #고기파티 #아너스72 #이너스72양념육 #신제품출시기념이벤트 #집들이음식 #돈라갈비 #안창살 #소갈비살 #LA갈비 #무뼈닭발 #닭발맛집 #고기배달 #홈파티 #외식배달 #외식대신 #외식대신배달 #고기홈파티 #가족외식 #식사스타그램 #고기덕후 #양념고기추천
https://www.instagram.com/p/CVM--UvpiGB/,yeony8054,#광고 지만 맛있었던 #미트일번지 !🥩 . 시기가 시기니만큼 외식은 자제 중 인데 집에서도 맛있게 즐길 수 있는 #양념육 주문해서 가족들이랑 푸짐한 #고기파티 했다죠 🥢 . 미트일번지의 #아너스72 신제품 양념육은 특수부위를 특별 레시피 수제 양념으로 만들었다는데 양념이 배어 있지만 육안으로 보이는 마블링과 고소하고 부드러운 육질에 풍부한 육향이 외식 나가서 먹는 고기 못지않게 맛있더라고요 ❤ 고기 잡내도 없고 뒷 맛도 깔끔한데 너무 짜거나 달지않은 양념이 밥과 먹기 딱 이네요 . 받은 그대로 얼려뒀다가 해동해서 굽기만하면되니 식사 준비도 휘리릭 빠르게 오케이~ 👌 저녁식사로 식구들도 너무 맛있게 잘 먹었지만 나중에 손님 초대나 명절때 내놔도 손색없을듯해요 . ✔참고로 지금 미트일번지 스토어팜에서는 아너스 양념육 #신제품출시기념이벤트 중 인데요.. 🔹️2팩 구매시 무료배송 + 무뼈닭발1봉지 증정 🔸️4팩 구매지 무료배송 + 무뼈닭발2봉지 증정 🔹️6팩 구매시 무료배송 + 무뼈닭발3봉지 증정 닭발까지 푸짐히 먹을 수 있는 기회니 달리세요! 🌐 https://smartstore.naver.com/primarymeat . . #집들이음식 #저녁메뉴추천 #오늘뭐먹지 #돈라갈비 #안창살 #소갈비살 #LA갈비 #무뼈닭발 #닭발맛집 #고기배달 #홈파티 #외식배달 #외식대신 #외식대신배달 #고기홈파티 #가족외식 #식사스타그램 #고기덕후 #양념고기추천,2021년 10월 19일, #광고 #미트일번지 #양념육 #고기파티 #아너스72 #신제품출시기념이벤트 #집들이음식 #저녁메뉴추천 #오늘뭐먹지 #돈라갈비 #안창살 #소갈비살 #LA갈비 #무뼈닭발 #닭발맛집 #고기배달 #홈파티 #외식배달 #외식대신 #외식대신배달 #고기홈파티 #가족외식 #식사스타그램 #고기덕후 #양념고기추천
https://www.instagram.com/p/CVIP9FhPe0w/,090805b,"#광고 . 코시대 #가족외식 한번 하려면 애들 마스크 챙기랴 가족증명서 챙기느라 번거롭고 먹는 것도 불안하고, 불편해서 먹어도 먹는 거 같지도 않고 힘들었는데😭 😘고맙게도 만났습니다!! . 📌생산라인 적은 특수부위에 특별 레시피 수제 양념으로 만들었다더니 📌양념 속에서도 육안으로 보이는 마블링과 📌고소하고 부드러운 육질에 📌풍부한 육향이 입안 가득 들어와 탄성을 지르게 하는 #미트일번지 의 #아너스72 신제품 양념육들을~ . 외식하지 않아도 외식하는 것처럼 집에서 맛있게 즐기는 #고기홈파티 무엇보다 아이들이 좋하고 고기 비린내가 나거나, 짜거나 달지 않아서 건강까지 지키며 먹는 맛이랄까요? 먹어도 먹어도 질리지 않았던 옛날부터 엄마가, 할머니가 해주시던 손맛이네요~ . 해동시켜 굽고 내놓기만 했어요 그런데 아이들이 냉면에 밥한공까지 뚝딱!! 말리지 않았다면 남은 양념 국물에 밥도 볶아 먹었을 기세였지요ㅠㅠ 입맛 없다시던 시어머니도 끝까지 남아 한치의 양보도 없이 갈비대를 뜯으시더라구요ㅋㅋ 궁금하면 먹어보기 있기요~ . 📣마침 미트일번지 스토어팜에서 아너스 양념육 #신제품출시기념이벤트 중이랍니다! 📍2팩 구매시 무료배송+무뼈닭발1봉지 증정 📍4팩 구매지 무료배송+무뼈닭발2봉지 증정 📍6팩 구매시 무료배송+무뼈닭발3봉지 증정 💢맛있는 걸 푸짐히 먹을 수 있는 기회 절대 놓치지 마세요~ 👉https://smartstore.naver.com/primarymeat . . #집들이음식 #저녁메뉴추천 #오늘뭐먹지 #돈라갈비 #안창살 #소갈비살 #LA갈비 #무뼈닭발 #닭발맛집 #고기배달 #홈파티 #외식배달 #외식대신 #외식대신배달",2021년 10월 17일, #광고 #가족외식 #미트일번지 #아너스72 #고기홈파티 #신제품출시기념이벤트 #집들이음식 #저녁메뉴추천 #오늘뭐먹지 #돈라갈비 #안창살 #소갈비살 #LA갈비 #무뼈닭발 #닭발맛집 #고기배달 #홈파티 #외식배달 #외식대신 #외식대신배달
https://www.instagram.com/p/CToX0JHp7Vq/,insight_platform,"배달매출 향상과정 수강멤버님이 남겨주신 생생 후기입니다. 배달 장사의 인사이트를 적용해, 성과를 내고 싶다면? 외식 브랜드의 배달 인사이트 '배달매출 향상과정', 지금 신청하세요! 🚩 Day 2 소수정예 오프라인 단과 * 강연주제: 빅데이터 기반 우리매장 배달활성화 전략 * 강연자: 앳트래커 김천식 대표 * 일시: 9/14(화) 2시 * 신청: 9/12(일) 까지 🚩 놓치지 말아야 할 오프라인 혜택! * 신규회원 3만원 즉시할인 & 다시보기 서비스 제공 -F & B 인사이트 충전, 온오프라인 원하는대로- ⠀⠀⠀⠀⠀⠀⠀⠀⠀⠀⠀⠀⠀⠀⠀⠀⠀ ■ 신청: 프로필링크 @insight_platform에서 홈페이지 링크로 신청 ■ 문의: 카카오톡 플러스친구ID_인사이트플랫폼 www.insightplatform.co.kr ⠀⠀⠀⠀⠀⠀⠀⠀⠀⠀⠀⠀⠀⠀⠀⠀ #인사이트플랫폼 #배달매출향상과정 #배달교육 #배달매출 #외식배달 #배달브랜드 #배달트렌드 #배달앱 #깃발꼽기 #빅데이터분석 #빅데이터활용 #데이터분석 #배달상권 #단건배달 #배달수익 #배달손익관리 #배달장사 #최형욱 #앳트래커 #배달테크 #깃발꼽기 #깃발위치 #푸드테크",2021년 9월 10일, #인사이트플랫폼 #배달매출향상과정 #배달교육 #배달매출 #외식배달 #배달브랜드 #배달트렌드 #배달앱 #깃발꼽기 #빅데이터분석 #빅데이터활용 #데이터분석 #배달상권 #단건배달 #배달수익 #배달손익관리 #배달장사 #최형욱 #앳트래커 #배달테크 #깃발꼽기 #깃발위치 #푸드테크
https://www.instagram.com/p/CTlNhiZJX39/,insight_platform,"외식 브랜드의 배달 인사이트 “배달매출 향상과정” 소수정예 오프라인 마지막 기회! 🚩 단과신청이 가능한 [배달매출 향상과정] * 강연주제: 빅데이터 기반 우리매장 배달활성화 전략 * 강연자: 앳트래커 김천식 대표 * 일시: 9/14(화) 2시 * 신청: 9/12(일) 까지 🚩 놓치지 말아야 할 오프라인 혜택! * 신규회원 3만원 즉시할인 & 다시보기 서비스 제공 -F & B 인사이트 충전, 온오프라인 원하는대로- ⠀⠀⠀⠀⠀⠀⠀⠀⠀⠀⠀⠀⠀⠀⠀⠀⠀ ■ 신청: 프로필링크 @insight_platform에서 홈페이지 링크로 신청 ■ 문의: 카카오톡 플러스친구ID_인사이트플랫폼 www.insightplatform.co.kr ⠀⠀⠀⠀⠀⠀⠀⠀⠀⠀⠀⠀⠀⠀⠀⠀ #인사이트플랫폼 #배달매출향상과정 #배달교육 #배달매출 #외식배달 #배달브랜드 #배달트렌드 #배달앱 #깃발꼽기 #빅데이터분석 #빅데이터활용 #데이터분석 #배달상권 #단건배달 #배달수익 #배달손익관리 #배달장사 #최형욱 #앳트래커 #배달테크 #깃발꼽기 #깃발위치 #푸드테크",2021년 9월 9일, #인사이트플랫폼 #배달매출향상과정 #배달교육 #배달매출 #외식배달 #배달브랜드 #배달트렌드 #배달앱 #깃발꼽기 #빅데이터분석 #빅데이터활용 #데이터분석 #배달상권 #단건배달 #배달수익 #배달손익관리 #배달장사 #최형욱 #앳트래커 #배달테크 #깃발꼽기 #깃발위치 #푸드테크
https://www.instagram.com/p/COj-kC2F14X/,wldms83,#협찬#제품제공받았어요 따뜻따뜻 봄날이 되니 이것저것 보러 놀러도 가고 싶고 맛있는 것 먹으러 맛집탐방도 가고 싶고 엉덩이 들썩이고 마음 들썩이는 요즘 작년처럼 여전한 코로나 마음대로 맛집탐방도 못하고 아쉽고 서러운 마음은 맛있는 음식으로 풀어요!! 가지마세요 가져다드립니다 전국 인생 맛집을 당신의 식탁으로! 현지 맛집을 배송해주는 서비스 #인생식탁 이번엔 단짠단짠 맵디매운거 좋아하는 면킬러 남편을 위한 특식 #레이디쫄면 !! 요알못 요린이도 쉽게 따라할 수 있는 쫄면밀키트 알랍! #인생식탁#쫄면#쫄면밀키트#쫄면맛집#쫄면택배#맛집스타그램#맛집배송#전국맛집배송#배달음식#외식스타그램#외식배달#인천맛집 #인천먹거리#레이디쫄면#레이디누들#전국맛집#맛집 @localtable.co.kr @lady_jjolmen,2021년 5월 7일, #협찬#제품제공받았어요 #인생식탁 #레이디쫄면 #인생식탁#쫄면#쫄면밀키트#쫄면맛집#쫄면택배#맛집스타그램#맛집배송#전국맛집배송#배달음식#외식스타그램#외식배달#인천맛집 #인천먹거리#레이디쫄면#레이디누들#전국맛집#맛집
https://www.instagram.com/p/CMtPmW8DYlx/,scoop_economy,배달은 정말 외식업 살렸나 코로나19에 가장 큰 타격을 입은 곳은 자영업계다. 그중 사회적 거리두기 규제를 어쩔 수 없이 감내한 외식 자영업계는 눈물을 흘려야 했다. 하지만 어떤 쪽에선 ‘외식업계가 배달 덕을 톡톡히 봤다’는 주장을 내놓는다. 2020년 외식업체의 개업 건수가 폐업 건수보다 많았다는 점을 들어 ‘외식업자들도 사실 수혜를 입었다’는 분석도 나온다. 과연 그럴까. 외식업계는 정말 배달의 덕을 톡톡히 봤을까. 더스쿠프가 통계를 면밀히 분석해 봤다. >> 최아름 더스쿠프 기자 eggpuma@thescoop.co.kr 👉 자세한 기사를 읽고 싶으시다면 읽기 쉬운 시사경제지 「더스쿠프」www.thescoop.co.kr #더스쿠프#외식배달#배달의민족#요기요#배달#딜리버리#쿠팡잇츠#배달비#코로나19#외식업체#맛집#배달료#사회적거리두기#경제#재테크,2021년 3월 22일, #더스쿠프#외식배달#배달의민족#요기요#배달#딜리버리#쿠팡잇츠#배달비#코로나19#외식업체#맛집#배달료#사회적거리두기#경제#재테크
https://www.instagram.com/p/CIoVS5Hh0M3/,hongdae_ap_beer_gijang,#기장홍대앞맥주집#야식배달#외식배달#배민야식#배민랭킹1위#안주맛집#술스타그램#육퇴후한잔#육퇴후맥주#기장맛집#기네스생맥주#먹태구이맛집#울산쫀드기맛집#햄폭탄부대찌개#고르곤졸라피자맛집#폭탄주맛집#배달의민족맛집#야식스타그램#배민랭킹맛집#홍대앞맥주집기장점#먹스타그램#기장야식#맥주안주#혼술안주#집콕스타그램#배민야식#기장맥주집#육퇴후맥주한잔#육퇴후#생맥주,2020년 12월 11일, #기장홍대앞맥주집#야식배달#외식배달#배민야식#배민랭킹1위#안주맛집#술스타그램#육퇴후한잔#육퇴후맥주#기장맛집#기네스생맥주#먹태구이맛집#울산쫀드기맛집#햄폭탄부대찌개#고르곤졸라피자맛집#폭탄주맛집#배달의민족맛집#야식스타그램#배민랭킹맛집#홍대앞맥주집기장점#먹스타그램#기장야식#맥주안주#혼술안주#집콕스타그램#배민야식#기장맥주집#육퇴후맥주한잔#육퇴후#생맥주
https://www.instagram.com/p/CIoUbEjhJqW/,hongdae_ap_beer_gijang,#기장홍대앞맥주집#생맥주#2차#외식배달#울산쫀드기배달#집콕스타그램#육퇴후한잔#육퇴후#안주#마실#안주맛집#기장맛집#기네스생맥주#먹태구이맛집#울산쫀드기맛집#햄폭탄부대찌개#고르곤졸라피자맛집#폭탄주맛집#배달의민족맛집#야식스타그램#배민랭킹맛집#홍대앞맥주집기장점#먹스타그램#기장야식#맥주안주#혼술안주#집콕스타그램#배민야식#기장맥주집#육퇴후맥주한잔#육퇴후#생맥주,2020년 12월 11일, #기장홍대앞맥주집#생맥주#2차#외식배달#울산쫀드기배달#집콕스타그램#육퇴후한잔#육퇴후#안주#마실#안주맛집#기장맛집#기네스생맥주#먹태구이맛집#울산쫀드기맛집#햄폭탄부대찌개#고르곤졸라피자맛집#폭탄주맛집#배달의민족맛집#야식스타그램#배민랭킹맛집#홍대앞맥주집기장점#먹스타그램#기장야식#맥주안주#혼술안주#집콕스타그램#배민야식#기장맥주집#육퇴후맥주한잔#육퇴후#생맥주
https://www.instagram.com/p/CIoT1AzhIcb/,hongdae_ap_beer_gijang,#기장홍대앞맥주집#생맥주맛집#2차#술스타그램#외식배달#마실#안주스타그램#안주맛집#배민야식#배민이벤트#야식스타그램#슬세권#울산쫀드기#,2020년 12월 11일, #기장홍대앞맥주집#생맥주맛집#2차#술스타그램#외식배달#마실#안주스타그램#안주맛집#배민야식#배민이벤트#야식스타그램#슬세권#울산쫀드기#
https://www.instagram.com/p/CIhqEKngQAJ/,gwagjihye244,화화돼지왕갈비 괴정점입니다. 요즘 외식하기 힘든날..ㅠ매일 뭐 먹지 고민하시죠.. 숮불에 구워 집에서 먹는 숯불갈비로 맛난 식사한끼 해결해보세요^^ 미리 전화주시면 매장에서 숯불로 직접 구워서 포장해드려요 각종 쌈반찬도 함께 챙겨드립니다♥ #화화돼지왕갈비괴정점 #배달음식 #방문포장 #고기집을 #우리집으로 #외식스타그램 #집콕메뉴 #배달메뉴 #외식배달 #한끼 #돼지갈비맛집 #돼지갈비배달 #고기집 #코로나예방 #저녁메뉴 #외식스타그램 #우리집 #고기 #숯불구이 #숯불구이맛집 #괴정동맛집 #사하구 #부산돼지갈비 #괴정동,2020년 12월 8일, #화화돼지왕갈비괴정점 #배달음식 #방문포장 #고기집을 #우리집으로 #외식스타그램 #집콕메뉴 #배달메뉴 #외식배달 #한끼 #돼지갈비맛집 #돼지갈비배달 #고기집 #코로나예방 #저녁메뉴 #외식스타그램 #우리집 #고기 #숯불구이 #숯불구이맛집 #괴정동맛집 #사하구 #부산돼지갈비 #괴정동
https://www.instagram.com/p/CG9gz3Tl3IB/,roomservicefs_official,탱글탱글한 면발에 살얼음 동동 띄워 시원하게! ⠀ 부잣집만의 숙성 비빔장과 특제 육수로 즐기는 쫄깃한 냉면! ⠀ 지금 바로 부잣집 냉면을 룸서비스 파이브스타를 통해 배달 어플과 매장에서 만나보세요! ⠀ #룸서비스파이브스타 #파이브스타 #외식브랜드 #부잣집냉면 #성공창업 #창업성공 #프랜차이즈창업 #창업 #배달창업 #외식배달 #배달음식 #비빔냉면 #쫄냉면 #냉면맛집 #냉면배달 #냉면전문점 #비빔쫄냉면 ⠀,2020년 10월 30일, #룸서비스파이브스타 #파이브스타 #외식브랜드 #부잣집냉면 #성공창업 #창업성공 #프랜차이즈창업 #창업 #배달창업 #외식배달 #배달음식 #비빔냉면 #쫄냉면 #냉면맛집 #냉면배달 #냉면전문점 #비빔쫄냉면
https://www.instagram.com/p/CG1YaixFv28/,roomservicefs_official,ROOMSERVICE FIVE STAR Brand 6. 부잣집 냉면⠀ ⠀ 쫄깃한 배달냉면 전문점 부잣집 고기냉면 ⠀ 부잣집 냉면만의 특제 소스와 특제 육수로 쫄깃한 냉면을 배달합니다. ⠀ 쫄깃함을 오래도록 유지하는 특별한 면발을 룸서비스 파이브스타를 통해 배달 어플과 매장에서 만나보세요. ⠀ #룸서비스파이브스타 #파이브스타 #외식브랜드 #부잣집냉면 #성공창업 #창업성공 #프랜차이즈창업 #창업 #배달창업 #외식배달 #배달음식 #비빔냉면 #쫄냉면 #냉면맛집 #냉면배달 #냉면전문점 ⠀,2020년 10월 27일, #룸서비스파이브스타 #파이브스타 #외식브랜드 #부잣집냉면 #성공창업 #창업성공 #프랜차이즈창업 #창업 #배달창업 #외식배달 #배달음식 #비빔냉면 #쫄냉면 #냉면맛집 #냉면배달 #냉면전문점
https://www.instagram.com/p/CGzT9dMFT1D/,roomservicefs_official,"맛, 청결, 서비스 All Five Star Class 룸서비스 파이브스타 성공 창업 POINT! ⠀ 다양한 메뉴군을 하나의 매장에서! 365일 24시간 멀티 매출이 가능한 룸서비스 파이브스타에서 성공 창업을 시작해보세요! ⠀ 가맹 문의는? 📞 1577-9893 ⠀ #룸서비스파이브스타 #룸서비스 #파이브스타 #외식브랜드 #성공창업 #창업성공 #프랜차이즈창업 #창업 #배달창업 #외식배달 #배달음식 #창업문의 #성공배달창업 #창업안내 #가맹문의 #가맹점창업 ⠀",2020년 10월 26일, #룸서비스파이브스타 #룸서비스 #파이브스타 #외식브랜드 #성공창업 #창업성공 #프랜차이즈창업 #창업 #배달창업 #외식배달 #배달음식 #창업문의 #성공배달창업 #창업안내 #가맹문의 #가맹점창업
https://www.instagram.com/p/CGXiC5Ynmdj/,vividrosery,#목요일 #처갓집꼬꼬 #요새꼬꼬가별로네 #신혼부부밥상 #외식배달 #저녁 #꼬꼬가안맞나 #치킨인데 #치느님인데,2020년 10월 15일, #목요일 #처갓집꼬꼬 #요새꼬꼬가별로네 #신혼부부밥상 #외식배달 #저녁 #꼬꼬가안맞나 #치킨인데 #치느님인데
https://www.instagram.com/p/CEymUbDFJ9g/,kevmill2000,냉장고 속사진 올렸다가 민망해서 삭제ㅋ 냉장고가 가득하네 냉장고 파먹기 성공합시다 #냉장고정리 #냉장고파먹기 #엄마집 냉장고 털어오기 #저녁 뭐먹냐고 자꾸 물어보지마 #외식배달 거절한다,2020년 9월 6일, #냉장고정리 #냉장고파먹기 #엄마집 #저녁 #외식배달
https://www.instagram.com/p/CEeDyjynrsq/,verano_s,"[상품협찬] 외식하고 싶지만 나갈 수 없어 고기 질린다해서 #하남숯불닭갈비 주문💗💗💗 주문하고 하루만에 바로 배송😉 배송빠름👍 소금&간장&양념 3가지 1kg 17,000원에 샐러리잎짱아찌까징❣ 굽기도 편하고 고기부드러우니 넘나 맛남🤤🐷 같이 온 찡아찌랑 같이 먹음 궁합 짱👍👍 소금과 간장은 참소스에🙃🙃 양념은 마요네즈에😉😉 삼겹살도 좀 구웠는데 다들 삼겹살은 안 건드리고 닭갈비만 줍줍줍😃😃😃 난 양념 다른 식구들은 소금과 간장이 맛나뎅😋😋 무튼 집에서 맛나게 먹었넹🥰🥰 요즘 배달 안 되는거 없음😊😊 . . #집에서외식 #하남숯불닭갈비 #닭갈비배송 #하남숯불구이 #숯불닭갈비 #닭갈비추천 #맛스타그램 #외식배달 #집밥 #집콕 #간장닭갈비 #소금닭갈비 #양념닭갈비",2020년 8월 29일, #하남숯불닭갈비 #집에서외식 #하남숯불닭갈비 #닭갈비배송 #하남숯불구이 #숯불닭갈비 #닭갈비추천 #맛스타그램 #외식배달 #집밥 #집콕 #간장닭갈비 #소금닭갈비 #양념닭갈비
https://www.instagram.com/p/CEEiuRTH1Ja/,yoda_156kg,코로나 ㄱ..객기야ㅜ #산본훗스테이크 #다이어터식단 나가지도못하고 #외식배달 #배달의민족 #그래도만족,2020년 8월 19일, #산본훗스테이크 #다이어터식단 #외식배달 #배달의민족 #그래도만족
https://www.instagram.com/p/B93wZhjlhCg/,chefnewyork_dongtan,매장방문이 꺼려지는 요즘 고객님 리뷰에 위로를 받는다 힘내자!!! 외출걱정없는 날 매장에서 뵙겠습니다~♡^^♡ 이젠 #외식배달 #외식포장 #안되는건없다 #조인쉐프뉴욕동탄점,2020년 3월 18일, #외식배달 #외식포장 #안되는건없다 #조인쉐프뉴욕동탄점
https://www.instagram.com/p/B8TTuQFhMvK/,bcoffeestory,친구땜시 알게된 닭강정 집 ㅋㅋ 울집에선 거리가 조금 있지만 원하는 두여인을 위해 달려봤다 ㅋㅋㅋ 맛난다 ㅋㅋ . . . . #봉커스 #커담 #닭갈비 #호메실동 #배달 #주말 #외식배달 #맛있다,2020년 2월 8일, #봉커스 #커담 #닭갈비 #호메실동 #배달 #주말 #외식배달 #맛있다
https://www.instagram.com/p/B7zvQtGBmfY/,0805o_oz,⠀⠀⠀⠀ #2020 ⠀⠀⠀ ✊오빠가 나한테 잘해야하는 이유 1 #솔직히실패한거없었음 #다맛있대#오늘부터#또#냉파 #오늘저녁은#갈비찜 과 #미역국 해줄게 #요리스타그램#새댁스타그램 #신혼밥상그램 #신혼부부밥상 #신혼밥상 #밥상#남편밥상 #요리 솜씨없는줄 알았는데 #하기나름 #재밌다 #집밥 #이번달#외식배달#안하기#성공적,2020년 1월 27일, #2020 #솔직히실패한거없었음 #다맛있대#오늘부터#또#냉파 #오늘저녁은#갈비찜 #미역국 #요리스타그램#새댁스타그램 #신혼밥상그램 #신혼부부밥상 #신혼밥상 #밥상#남편밥상 #요리 #하기나름 #재밌다 #집밥 #이번달#외식배달#안하기#성공적
https://www.instagram.com/p/B7JWvYflBgi/,_yoonty_,"#2020년1월10일금요일 #오늘도커넥트 #배민커넥트 #오늘의기록 재인증 . . #식품배달 #외식배달 이 익숙해진 듯. #익숙함 은 경우에 따라 편하기도, 때로는 위험하기도 하다. #익숙하다 는 이유로 #노력 을 덜 들이게 되고, 신경을 덜 쓰게 될 수 있다. 그게 실수를 유발하고, 시간 낭비를 가져올 수 있다. 그래서 익숙해지고, 편해질수록 #많이 #빨리 보다는 #제대로 에 초점을 맞추어야 한다!! 절대 잊지말자! #빨리 가 아니라 #제대로 . 집에서 직장주소로 주문하는 실수를 하시는 분들이 하루에 1-2분 계심. ㅎㅎㅎ 오늘도 주소오류 2건을 발견하고 빠르게 대응한 건 나름 잘한 일임. . 오늘 하루도 무사히 마감합니다. 외식매장 업주님들, #비마트 관계자분들, #관제센터 분들, 그리고 고객님들께 #감사합니다🙏",2020년 1월 11일, #2020년1월10일금요일 #오늘도커넥트 #배민커넥트 #오늘의기록 #식품배달 #외식배달 #익숙함 #익숙하다 #노력 #많이 #빨리 #제대로 #빨리 #제대로 #비마트 #관제센터 #감사합니다🙏
https://www.instagram.com/p/B1tMompns9j/,yeonan_songnaerestaurants,#배달의민족라이더스 에서도 #배민라이더스딜리비리서비스 를 통해서 #연안식당송내점 의 #해산물음식 들을 시켜먹을수있습니다 #배달의민족 #배민라이더스 #일상#음식푸드 #해산물그램 #음식스타그램 #먹방스타그램 #외식배달 #디딤 #연안식당 #연안식당송내점 #상동스카이뷰 #송내점음식점 #송내역근처 #먹방스타그램 #경기도부천 #부천먹방 #딜리버리 #음식주문배달 가능한 #연안식당송내역점,2019년 8월 28일, #배달의민족라이더스 #배민라이더스딜리비리서비스 #연안식당송내점 #해산물음식 #배달의민족 #배민라이더스 #일상#음식푸드 #해산물그램 #음식스타그램 #먹방스타그램 #외식배달 #디딤 #연안식당 #연안식당송내점 #상동스카이뷰 #송내점음식점 #송내역근처 #먹방스타그램 #경기도부천 #부천먹방 #딜리버리 #음식주문배달 #연안식당송내역점
https://www.instagram.com/p/Bm989HeAw97/,4411.03,요즘 몸도 안 좋고 마음이 심란해서 맛있는걸 먹어도 입맛이 없다 ~ 면서 엄청 잘 먹음 😎 #역시 #나야나,2018년 8월 27일, #역시 #나야나
https://www.instagram.com/p/BhiWldFlx7v/,steve_kim11,#배민라이더스 #배달의민족 #비 #우천 #외식배달 #안전 #나는소중하다 #맛집 #노원 #도봉 #서울전지역 #좋은음식을먹고싶은곳에서 비가 와도 쉬지않고 달려야하는 민트라이더님들 오늘 하루도 안전하게 무사히~! 힘내세요..,2018년 4월 14일, #배민라이더스 #배달의민족 #비 #우천 #외식배달 #안전 #나는소중하다 #맛집 #노원 #도봉 #서울전지역 #좋은음식을먹고싶은곳에서
https://www.instagram.com/p/BhQ4xlwAWnN/,steve_kim11,#배민라이더스 #배달의민족 #민트라이더 #스몰파티 #목표달성 #노원 #도봉 #좋은음식을먹고싶은곳에서 #외식배달 #맛집 #신뢰배달 우리 라이더님들 3월 한달 고생많으셨어요~~^^♡ 4월달도 안전하게~ 홧팅~,2018년 4월 7일, #배민라이더스 #배달의민족 #민트라이더 #스몰파티 #목표달성 #노원 #도봉 #좋은음식을먹고싶은곳에서 #외식배달 #맛집 #신뢰배달
https://www.instagram.com/p/BdKO4P3BaTH/,hello_zziho_zzia,171226 . . 크리스마스핑계로 #외식배달 무한반복하하는바람에 😅😅 오랜만인 식판샷ㅋㅋㅋㅋㅋ 어제는 대충줬더니 국물달라고 난리치셔서 끓여드림 😞😞 . . . . . . . #찌호찌아🍚 #소고기미역국#만두튀김#계란장조림#콩나물무침,2017년 12월 26일, #외식배달 #찌호찌아🍚 #소고기미역국#만두튀김#계란장조림#콩나물무침
https://www.instagram.com/p/BaJYinoFkaa/,jiwon0209,#성신여대맛집#돈암동맛집#이가한우곱창#야채돼지곱창#야채순대곱창#공기밥#선지국#이제배달되요#소는배달불가#배민라이더스#외식배달#이젠집에서시켜먹어요#배민#배달의민족#맛스타그램#먹스타그램#맛집#짱맛 👍 ⏰pm 5:00~ pm 11:00,2017년 10월 12일, #성신여대맛집#돈암동맛집#이가한우곱창#야채돼지곱창#야채순대곱창#공기밥#선지국#이제배달되요#소는배달불가#배민라이더스#외식배달#이젠집에서시켜먹어요#배민#배달의민족#맛스타그램#먹스타그램#맛집#짱맛
https://www.instagram.com/p/BU-4DW9lXBp/,bums888,범스가 이제 #띵동 과 함께 합니다. #푸드플라이 와 #배민라이더스 와도 함께 하고 있습니다^^ #배달 #외식배달 #delivery,2017년 6월 6일, #띵동 #푸드플라이 #배민라이더스 #배달 #외식배달 #delivery
https://www.instagram.com/p/BSBH-8bDsT1/,nonpuritan,정말 맛있는 크림마효 샌드위치 #뉴질랜드스토리 #배민라이더스 #외식배달 #배달의민족,2017년 3월 24일, #뉴질랜드스토리 #배민라이더스 #외식배달 #배달의민족
https://www.instagram.com/p/BNrr1nZj4V_/,shami6379,배달의민족은 못하는게 없네용😆 집으로 차알 배달💃🏻#배달의민족 #띵동 #둘다좋앙 #외식배달 #차알 #가로수길,2016년 12월 7일, 배달💃🏻#배달의민족 #띵동 #둘다좋앙 #외식배달 #차알 #가로수길
https://www.instagram.com/p/BKc8W08gVlk/,kjmy03,#고기구워주는남자 #한우초밥 도 잘만드는남자~~^^ 가성비 좋은 잠실맛집 #도쿄등심 #도쿄등심트리플 #데이트 #잠실회식 #잠실맛집 #롯데몰맛집 #맛집추천 #연어 #한우 #맛스타그램 #먹스타그램 #송파배달 #외식배달 #잠실회식 #잠실배달 #데일리 #일상 #한우 #저렴한가격 #사케 #생맥주맛집 #도시락 #코엑스 #배달음식추천 #외식배달 #koreanfood #이벤트 #한우초밥 #임실치즈,2016년 9월 17일, #고기구워주는남자 #한우초밥 #도쿄등심 #도쿄등심트리플 #데이트 #잠실회식 #잠실맛집 #롯데몰맛집 #맛집추천 #연어 #한우 #맛스타그램 #먹스타그램 #송파배달 #외식배달 #잠실회식 #잠실배달 #데일리 #일상 #한우 #저렴한가격 #사케 #생맥주맛집 #도시락 #코엑스 #배달음식추천 #외식배달 #koreanfood #이벤트 #한우초밥 #임실치즈
https://www.instagram.com/p/BJKCixkhWok/,hours_hbc,"드디어, HOURS 메뉴를 배달의민족으로 만나보실 수 있습니다🙌 점심부터 시작합니다! #배달의민족 #외식배달 . . #hours_hbc #아워스 #해방촌 #미국식중식 #americanchinese #칭따오 #beer #아메리칸차이니즈 #먹스타그램 #술스타그램 #맛스타그램 #이태원 #해방촌맛집 #foodie #foodporn #instafood #picoftheday #instagood #일상 #hours #먹방 #맛있다그램 #nomnom #맛집 #hbc #haebangchon",2016년 8월 16일, #배달의민족 #외식배달 #hours_hbc #아워스 #해방촌 #미국식중식 #americanchinese #칭따오 #beer #아메리칸차이니즈 #먹스타그램 #술스타그램 #맛스타그램 #이태원 #해방촌맛집 #foodie #foodporn #instafood #picoftheday #instagood #일상 #hours #먹방 #맛있다그램 #nomnom #맛집 #hbc #haebangchon
https://www.instagram.com/p/BHrlKw_hAko/,dalnimiya,#준호네즉석떡볶이 #상도점#배달의민족#외식배달#2000원할인#오괜찮아#양이푸짐해#조리해주세영 #하트#좋아요#선팔#맞팔#친구#인친#insta#일상#데일리#소통#롱스타그램#맛스타그램#먹스타그램 😏👍,2016년 7월 10일, #준호네즉석떡볶이 #상도점#배달의민족#외식배달#2000원할인#오괜찮아#양이푸짐해#조리해주세영 #하트#좋아요#선팔#맞팔#친구#인친#insta#일상#데일리#소통#롱스타그램#맛스타그램#먹스타그램
https://www.instagram.com/p/BHmRvzjhN_Q/,527b,만날 때 서로 수권대표님을 위한 천원짜리 선물 사오기로 함 지금 이 모습 변하지 마시라고 #단호박 샀다 사실 단호박이 비싸서 애호박 사서 상품명 단호박으로 바꿈😏 1등으로 뽑혀서 1:1 식사권 얻었는데 주말에 강남센터로 오라고 하셨다 데헷😋 #외식배달#흥해라,2016년 7월 8일, #단호박 #외식배달#흥해라
https://www.instagram.com/p/BHM3px9gWa5/,edge__mom,날이 더워서 그런지 밥하기 싫어서 계속 #외식 🤗 #배달의민족 #반가워요동작구 #외식배달 #곱창의전설 #맛있다그램 #맛있다 #먹스타그램 #맛스타그램 #맥주한잔,2016년 6월 28일, #외식 #배달의민족 #반가워요동작구 #외식배달 #곱창의전설 #맛있다그램 #맛있다 #먹스타그램 #맛스타그램 #맥주한잔
https://www.instagram.com/p/BGOaODDlavy/,kjmy03,#한우초밥 ~~^^ 가성비 좋은 잠실맛집 #도쿄등심 #데이트 #잠실회식 #잠실맛집 #롯데몰맛집 #맛집추천 #연어 #한우 #맛스타그램 #먹스타그램 #송파배달 #외식배달 #잠실회식 #잠실배달 #배달의민족 #푸드플라이 #데일리 #일상 #한우 #저렴한가격 #사케 #생맥주맛집 #도시락 #코엑스 #배달음식추천 #외식배달 #배달맛집 #koreanfood #이벤트 #한우초밥 #임실치즈,2016년 6월 4일, #한우초밥 #도쿄등심 #데이트 #잠실회식 #잠실맛집 #롯데몰맛집 #맛집추천 #연어 #한우 #맛스타그램 #먹스타그램 #송파배달 #외식배달 #잠실회식 #잠실배달 #배달의민족 #푸드플라이 #데일리 #일상 #한우 #저렴한가격 #사케 #생맥주맛집 #도시락 #코엑스 #배달음식추천 #외식배달 #배달맛집 #koreanfood #이벤트 #한우초밥 #임실치즈
https://www.instagram.com/p/BGOH8B0lauC/,kjmy03,#한우초밥 ~~^^ 가성비 좋은 잠실맛집 #도쿄등심 #데이트 #잠실회식 #잠실맛집 #롯데몰맛집 #맛집추천 #연어 #한우 #맛스타그램 #먹스타그램 #송파배달 #외식배달 #잠실회식 #잠실배달 #배달의민족 #푸드플라이 #데일리 #일상 #한우 #저렴한가격 #사케 #생맥주맛집 #도시락 #코엑스 #배달음식추천 #외식배달 #배달맛집 #koreanfood #이벤트 #한우초밥 #임실치즈,2016년 6월 4일, #한우초밥 #도쿄등심 #데이트 #잠실회식 #잠실맛집 #롯데몰맛집 #맛집추천 #연어 #한우 #맛스타그램 #먹스타그램 #송파배달 #외식배달 #잠실회식 #잠실배달 #배달의민족 #푸드플라이 #데일리 #일상 #한우 #저렴한가격 #사케 #생맥주맛집 #도시락 #코엑스 #배달음식추천 #외식배달 #배달맛집 #koreanfood #이벤트 #한우초밥 #임실치즈
https://www.instagram.com/p/BGOHvVVlatk/,kjmy03,#한우초밥 ~~^^ 가성비 좋은 잠실맛집 #도쿄등심 #데이트 #잠실회식 #잠실맛집 #롯데몰맛집 #맛집추천 #연어 #한우 #맛스타그램 #먹스타그램 #송파배달 #외식배달 #잠실회식 #잠실배달 #배달의민족 #푸드플라이 #데일리 #일상 #한우 #저렴한가격 #사케 #생맥주맛집 #도시락 #코엑스 #배달음식추천 #외식배달 #배달맛집 #koreanfood #이벤트 #한우초밥 #임실치즈,2016년 6월 4일, #한우초밥 #도쿄등심 #데이트 #잠실회식 #잠실맛집 #롯데몰맛집 #맛집추천 #연어 #한우 #맛스타그램 #먹스타그램 #송파배달 #외식배달 #잠실회식 #잠실배달 #배달의민족 #푸드플라이 #데일리 #일상 #한우 #저렴한가격 #사케 #생맥주맛집 #도시락 #코엑스 #배달음식추천 #외식배달 #배달맛집 #koreanfood #이벤트 #한우초밥 #임실치즈
https://www.instagram.com/p/BGOHwk1lato/,kjmy03,#한우초밥 ~~^^ 가성비 좋은 잠실맛집 #도쿄등심 #데이트 #잠실회식 #잠실맛집 #롯데몰맛집 #맛집추천 #연어 #한우 #맛스타그램 #먹스타그램 #송파배달 #외식배달 #잠실회식 #잠실배달 #배달의민족 #푸드플라이 #데일리 #일상 #한우 #저렴한가격 #사케 #생맥주맛집 #도시락 #코엑스 #배달음식추천 #외식배달 #배달맛집 #koreanfood #이벤트 #한우초밥 #임실치즈,2016년 6월 4일, #한우초밥 #도쿄등심 #데이트 #잠실회식 #잠실맛집 #롯데몰맛집 #맛집추천 #연어 #한우 #맛스타그램 #먹스타그램 #송파배달 #외식배달 #잠실회식 #잠실배달 #배달의민족 #푸드플라이 #데일리 #일상 #한우 #저렴한가격 #사케 #생맥주맛집 #도시락 #코엑스 #배달음식추천 #외식배달 #배달맛집 #koreanfood #이벤트 #한우초밥 #임실치즈
https://www.instagram.com/p/BGOHxykFatp/,kjmy03,#한우초밥 ~~^^ 가성비 좋은 잠실맛집 #도쿄등심 #데이트 #잠실회식 #잠실맛집 #롯데몰맛집 #맛집추천 #연어 #한우 #맛스타그램 #먹스타그램 #송파배달 #외식배달 #잠실회식 #잠실배달 #배달의민족 #푸드플라이 #데일리 #일상 #한우 #저렴한가격 #사케 #생맥주맛집 #도시락 #코엑스 #배달음식추천 #외식배달 #배달맛집 #koreanfood #이벤트 #한우초밥 #임실치즈,2016년 6월 4일, #한우초밥 #도쿄등심 #데이트 #잠실회식 #잠실맛집 #롯데몰맛집 #맛집추천 #연어 #한우 #맛스타그램 #먹스타그램 #송파배달 #외식배달 #잠실회식 #잠실배달 #배달의민족 #푸드플라이 #데일리 #일상 #한우 #저렴한가격 #사케 #생맥주맛집 #도시락 #코엑스 #배달음식추천 #외식배달 #배달맛집 #koreanfood #이벤트 #한우초밥 #임실치즈
https://www.instagram.com/p/BGOHzNJFatu/,kjmy03,#한우초밥 ~~^^ 가성비 좋은 잠실맛집 #도쿄등심 #데이트 #잠실회식 #잠실맛집 #롯데몰맛집 #맛집추천 #연어 #한우 #맛스타그램 #먹스타그램 #송파배달 #외식배달 #잠실회식 #잠실배달 #배달의민족 #푸드플라이 #데일리 #일상 #한우 #저렴한가격 #사케 #생맥주맛집 #도시락 #코엑스 #배달음식추천 #외식배달 #배달맛집 #koreanfood #이벤트 #한우초밥 #임실치즈,2016년 6월 4일, #한우초밥 #도쿄등심 #데이트 #잠실회식 #잠실맛집 #롯데몰맛집 #맛집추천 #연어 #한우 #맛스타그램 #먹스타그램 #송파배달 #외식배달 #잠실회식 #잠실배달 #배달의민족 #푸드플라이 #데일리 #일상 #한우 #저렴한가격 #사케 #생맥주맛집 #도시락 #코엑스 #배달음식추천 #외식배달 #배달맛집 #koreanfood #이벤트 #한우초밥 #임실치즈
https://www.instagram.com/p/BGOH0c9Fatw/,kjmy03,#한우초밥 ~~^^ 가성비 좋은 잠실맛집 #도쿄등심 #데이트 #잠실회식 #잠실맛집 #롯데몰맛집 #맛집추천 #연어 #한우 #맛스타그램 #먹스타그램 #송파배달 #외식배달 #잠실회식 #잠실배달 #배달의민족 #푸드플라이 #데일리 #일상 #한우 #저렴한가격 #사케 #생맥주맛집 #도시락 #코엑스 #배달음식추천 #외식배달 #배달맛집 #koreanfood #이벤트 #한우초밥 #임실치즈,2016년 6월 4일, #한우초밥 #도쿄등심 #데이트 #잠실회식 #잠실맛집 #롯데몰맛집 #맛집추천 #연어 #한우 #맛스타그램 #먹스타그램 #송파배달 #외식배달 #잠실회식 #잠실배달 #배달의민족 #푸드플라이 #데일리 #일상 #한우 #저렴한가격 #사케 #생맥주맛집 #도시락 #코엑스 #배달음식추천 #외식배달 #배달맛집 #koreanfood #이벤트 #한우초밥 #임실치즈
https://www.instagram.com/p/BGOH1zuFat1/,kjmy03,#한우초밥 ~~^^ 가성비 좋은 잠실맛집 #도쿄등심 #데이트 #잠실회식 #잠실맛집 #롯데몰맛집 #맛집추천 #연어 #한우 #맛스타그램 #먹스타그램 #송파배달 #외식배달 #잠실회식 #잠실배달 #배달의민족 #푸드플라이 #데일리 #일상 #한우 #저렴한가격 #사케 #생맥주맛집 #도시락 #코엑스 #배달음식추천 #외식배달 #배달맛집 #koreanfood #이벤트 #한우초밥 #임실치즈,2016년 6월 4일, #한우초밥 #도쿄등심 #데이트 #잠실회식 #잠실맛집 #롯데몰맛집 #맛집추천 #연어 #한우 #맛스타그램 #먹스타그램 #송파배달 #외식배달 #잠실회식 #잠실배달 #배달의민족 #푸드플라이 #데일리 #일상 #한우 #저렴한가격 #사케 #생맥주맛집 #도시락 #코엑스 #배달음식추천 #외식배달 #배달맛집 #koreanfood #이벤트 #한우초밥 #임실치즈
https://www.instagram.com/p/BGOH3RTFat4/,kjmy03,#한우초밥 ~~^^ 가성비 좋은 잠실맛집 #도쿄등심 #데이트 #잠실회식 #잠실맛집 #롯데몰맛집 #맛집추천 #연어 #한우 #맛스타그램 #먹스타그램 #송파배달 #외식배달 #잠실회식 #잠실배달 #배달의민족 #푸드플라이 #데일리 #일상 #한우 #저렴한가격 #사케 #생맥주맛집 #도시락 #코엑스 #배달음식추천 #외식배달 #배달맛집 #koreanfood #이벤트 #한우초밥 #임실치즈,2016년 6월 4일, #한우초밥 #도쿄등심 #데이트 #잠실회식 #잠실맛집 #롯데몰맛집 #맛집추천 #연어 #한우 #맛스타그램 #먹스타그램 #송파배달 #외식배달 #잠실회식 #잠실배달 #배달의민족 #푸드플라이 #데일리 #일상 #한우 #저렴한가격 #사케 #생맥주맛집 #도시락 #코엑스 #배달음식추천 #외식배달 #배달맛집 #koreanfood #이벤트 #한우초밥 #임실치즈
https://www.instagram.com/p/BGOH6XNlat-/,kjmy03,#한우초밥 ~~^^ 가성비 좋은 잠실맛집 #도쿄등심 #데이트 #잠실회식 #잠실맛집 #롯데몰맛집 #맛집추천 #연어 #한우 #맛스타그램 #먹스타그램 #송파배달 #외식배달 #잠실회식 #잠실배달 #배달의민족 #푸드플라이 #데일리 #일상 #한우 #저렴한가격 #사케 #생맥주맛집 #도시락 #코엑스 #배달음식추천 #외식배달 #배달맛집 #koreanfood #이벤트 #한우초밥 #임실치즈,2016년 6월 4일, #한우초밥 #도쿄등심 #데이트 #잠실회식 #잠실맛집 #롯데몰맛집 #맛집추천 #연어 #한우 #맛스타그램 #먹스타그램 #송파배달 #외식배달 #잠실회식 #잠실배달 #배달의민족 #푸드플라이 #데일리 #일상 #한우 #저렴한가격 #사케 #생맥주맛집 #도시락 #코엑스 #배달음식추천 #외식배달 #배달맛집 #koreanfood #이벤트 #한우초밥 #임실치즈
https://www.instagram.com/p/BGOHncSlatV/,kjmy03,#한우초밥 ~~^^ 가성비 좋은 잠실맛집 #도쿄등심 #데이트 #잠실회식 #잠실맛집 #롯데몰맛집 #맛집추천 #연어 #한우 #맛스타그램 #먹스타그램 #송파배달 #외식배달 #잠실회식 #잠실배달 #배달의민족 #푸드플라이 #데일리 #일상 #한우 #저렴한가격 #사케 #생맥주맛집 #도시락 #코엑스 #배달음식추천 #외식배달 #배달맛집 #koreanfood #이벤트 #한우초밥 #임실치즈,2016년 6월 4일, #한우초밥 #도쿄등심 #데이트 #잠실회식 #잠실맛집 #롯데몰맛집 #맛집추천 #연어 #한우 #맛스타그램 #먹스타그램 #송파배달 #외식배달 #잠실회식 #잠실배달 #배달의민족 #푸드플라이 #데일리 #일상 #한우 #저렴한가격 #사케 #생맥주맛집 #도시락 #코엑스 #배달음식추천 #외식배달 #배달맛집 #koreanfood #이벤트 #한우초밥 #임실치즈
https://www.instagram.com/p/BGOHoY3latX/,kjmy03,#한우초밥 ~~^^ 가성비 좋은 잠실맛집 #도쿄등심 #데이트 #잠실회식 #잠실맛집 #롯데몰맛집 #맛집추천 #연어 #한우 #맛스타그램 #먹스타그램 #송파배달 #외식배달 #잠실회식 #잠실배달 #배달의민족 #푸드플라이 #데일리 #일상 #한우 #저렴한가격 #사케 #생맥주맛집 #도시락 #코엑스 #배달음식추천 #외식배달 #배달맛집 #koreanfood #이벤트 #한우초밥 #임실치즈,2016년 6월 4일, #한우초밥 #도쿄등심 #데이트 #잠실회식 #잠실맛집 #롯데몰맛집 #맛집추천 #연어 #한우 #맛스타그램 #먹스타그램 #송파배달 #외식배달 #잠실회식 #잠실배달 #배달의민족 #푸드플라이 #데일리 #일상 #한우 #저렴한가격 #사케 #생맥주맛집 #도시락 #코엑스 #배달음식추천 #외식배달 #배달맛집 #koreanfood #이벤트 #한우초밥 #임실치즈
https://www.instagram.com/p/BGOHpbSFatZ/,kjmy03,#한우초밥 ~~^^ 가성비 좋은 잠실맛집 #도쿄등심 #데이트 #잠실회식 #잠실맛집 #롯데몰맛집 #맛집추천 #연어 #한우 #맛스타그램 #먹스타그램 #송파배달 #외식배달 #잠실회식 #잠실배달 #배달의민족 #푸드플라이 #데일리 #일상 #한우 #저렴한가격 #사케 #생맥주맛집 #도시락 #코엑스 #배달음식추천 #외식배달 #배달맛집 #koreanfood #이벤트 #한우초밥 #임실치즈,2016년 6월 4일, #한우초밥 #도쿄등심 #데이트 #잠실회식 #잠실맛집 #롯데몰맛집 #맛집추천 #연어 #한우 #맛스타그램 #먹스타그램 #송파배달 #외식배달 #잠실회식 #잠실배달 #배달의민족 #푸드플라이 #데일리 #일상 #한우 #저렴한가격 #사케 #생맥주맛집 #도시락 #코엑스 #배달음식추천 #외식배달 #배달맛집 #koreanfood #이벤트 #한우초밥 #임실치즈
https://www.instagram.com/p/BGOHqhhlatc/,kjmy03,#한우초밥 ~~^^ 가성비 좋은 잠실맛집 #도쿄등심 #데이트 #잠실회식 #잠실맛집 #롯데몰맛집 #맛집추천 #연어 #한우 #맛스타그램 #먹스타그램 #송파배달 #외식배달 #잠실회식 #잠실배달 #배달의민족 #푸드플라이 #데일리 #일상 #한우 #저렴한가격 #사케 #생맥주맛집 #도시락 #코엑스 #배달음식추천 #외식배달 #배달맛집 #koreanfood #이벤트 #한우초밥 #임실치즈,2016년 6월 4일, #한우초밥 #도쿄등심 #데이트 #잠실회식 #잠실맛집 #롯데몰맛집 #맛집추천 #연어 #한우 #맛스타그램 #먹스타그램 #송파배달 #외식배달 #잠실회식 #잠실배달 #배달의민족 #푸드플라이 #데일리 #일상 #한우 #저렴한가격 #사케 #생맥주맛집 #도시락 #코엑스 #배달음식추천 #외식배달 #배달맛집 #koreanfood #이벤트 #한우초밥 #임실치즈
https://www.instagram.com/p/BGOHmW7latR/,kjmy03,#한우초밥 ~~^^ 가성비 좋은 잠실맛집 #도쿄등심 #데이트 #잠실회식 #잠실맛집 #롯데몰맛집 #맛집추천 #연어 #한우 #맛스타그램 #먹스타그램 #송파배달 #외식배달 #잠실회식 #잠실배달 #배달의민족 #푸드플라이 #데일리 #일상 #한우 #저렴한가격 #사케 #생맥주맛집 #도시락 #코엑스 #배달음식추천 #외식배달 #배달맛집 #koreanfood #이벤트 #한우초밥 #임실치즈,2016년 6월 4일, #한우초밥 #도쿄등심 #데이트 #잠실회식 #잠실맛집 #롯데몰맛집 #맛집추천 #연어 #한우 #맛스타그램 #먹스타그램 #송파배달 #외식배달 #잠실회식 #잠실배달 #배달의민족 #푸드플라이 #데일리 #일상 #한우 #저렴한가격 #사케 #생맥주맛집 #도시락 #코엑스 #배달음식추천 #외식배달 #배달맛집 #koreanfood #이벤트 #한우초밥 #임실치즈
https://www.instagram.com/p/BGFy-9Hlam2/,kjmy03,#한우초밥 ~~^^ 가성비 좋은 잠실맛집 #도쿄등심 #데이트 #잠실회식 #잠실맛집 #롯데몰맛집 #맛집추천 #연어 #한우 #맛스타그램 #먹스타그램 #송파배달 #외식배달 #잠실회식 #잠실배달 #배달의민족 #푸드플라이 #데일리 #일상 #한우 #저렴한가격 #사케 #생맥주맛집 #도시락 #코엑스 #배달음식추천 #외식배달 #배달맛집 #koreanfood #이벤트 #한우초밥 #임실치즈,2016년 6월 1일, #한우초밥 #도쿄등심 #데이트 #잠실회식 #잠실맛집 #롯데몰맛집 #맛집추천 #연어 #한우 #맛스타그램 #먹스타그램 #송파배달 #외식배달 #잠실회식 #잠실배달 #배달의민족 #푸드플라이 #데일리 #일상 #한우 #저렴한가격 #사케 #생맥주맛집 #도시락 #코엑스 #배달음식추천 #외식배달 #배달맛집 #koreanfood #이벤트 #한우초밥 #임실치즈
https://www.instagram.com/p/BGFy3wSFams/,kjmy03,#한우맛집 ~~^^ 가성비 좋은 잠실맛집 #도쿄등심 #데이트 #잠실회식 #잠실맛집 #롯데몰맛집 #맛집추천 #연어 #한우 #맛스타그램 #먹스타그램 #송파배달 #외식배달 #잠실회식 #잠실배달 #배달의민족 #푸드플라이 #데일리 #일상 #한우 #저렴한가격 #사케 #생맥주맛집 #도시락 #코엑스 #배달음식추천 #외식배달 #배달맛집 #koreanfood #이벤트 #한우초밥 #임실치즈,2016년 6월 1일, #한우맛집 #도쿄등심 #데이트 #잠실회식 #잠실맛집 #롯데몰맛집 #맛집추천 #연어 #한우 #맛스타그램 #먹스타그램 #송파배달 #외식배달 #잠실회식 #잠실배달 #배달의민족 #푸드플라이 #데일리 #일상 #한우 #저렴한가격 #사케 #생맥주맛집 #도시락 #코엑스 #배달음식추천 #외식배달 #배달맛집 #koreanfood #이벤트 #한우초밥 #임실치즈
https://www.instagram.com/p/BF-00KslaiT/,kjmy03,잠실 도쿄등심 #사케동 ~~^^ 가성비 좋은 잠실맛집 점심은 #돈부리 배달도가능^^ #도쿄등심 #데이트 #잠실회식 #잠실맛집 #롯데몰맛집 #맛집추천 #연어 #한우 #맛스타그램 #먹스타그램 #송파배달 #외식배달 #잠실회식 #잠실배달 #배달의민족 #푸드플라이 #데일리 #일상 #한우 #저렴한가격 #사케 #생맥주맛집 #도시락 #코엑스 #배달음식추천 #외식배달 #배달맛집 #koreanfood #이벤트 #한우초밥 #임실치즈,2016년 5월 29일, #사케동 #돈부리 #도쿄등심 #데이트 #잠실회식 #잠실맛집 #롯데몰맛집 #맛집추천 #연어 #한우 #맛스타그램 #먹스타그램 #송파배달 #외식배달 #잠실회식 #잠실배달 #배달의민족 #푸드플라이 #데일리 #일상 #한우 #저렴한가격 #사케 #생맥주맛집 #도시락 #코엑스 #배달음식추천 #외식배달 #배달맛집 #koreanfood #이벤트 #한우초밥 #임실치즈
https://www.instagram.com/p/BFu6WdFlatE/,kjmy03,#한우맛집 ~~^^ 가성비 좋은 잠실맛집 점심은 #돈부리 배달도가능^^ #도쿄등심 #데이트 #잠실회식 #잠실맛집 #롯데몰맛집 #맛집추천 #연어 #한우 #맛스타그램 #먹스타그램 #송파배달 #외식배달 #잠실회식 #잠실배달 #배달의민족 #푸드플라이 #데일리 #일상 #한우 #저렴한가격 #사케 #생맥주맛집 #도시락 #코엑스 #배달음식추천 #외식배달 #배달맛집 #koreanfood #이벤트 #한우초밥 #임실치즈,2016년 5월 23일, #한우맛집 #돈부리 #도쿄등심 #데이트 #잠실회식 #잠실맛집 #롯데몰맛집 #맛집추천 #연어 #한우 #맛스타그램 #먹스타그램 #송파배달 #외식배달 #잠실회식 #잠실배달 #배달의민족 #푸드플라이 #데일리 #일상 #한우 #저렴한가격 #사케 #생맥주맛집 #도시락 #코엑스 #배달음식추천 #외식배달 #배달맛집 #koreanfood #이벤트 #한우초밥 #임실치즈
https://www.instagram.com/p/BFtEXHJFauq/,kjmy03,#한우맛집 ~~^^ #도쿄등심 #데이트 #잠실회식 #잠실맛집 #롯데몰맛집 #맛집추천 #연어 #한우 #맛스타그램 #먹스타그램 #송파배달 #외식배달 #잠실회식 #잠실배달 #배달의민족 #푸드플라이 #데일리 #일상 #한우 #저렴한가격 #사케 #생맥주맛집 #도시락 #코엑스 #배달음식추천 #외식배달 #배달맛집 #koreanfood #이벤트 #한우초밥 #임실치즈,2016년 5월 22일, #한우맛집 #도쿄등심 #데이트 #잠실회식 #잠실맛집 #롯데몰맛집 #맛집추천 #연어 #한우 #맛스타그램 #먹스타그램 #송파배달 #외식배달 #잠실회식 #잠실배달 #배달의민족 #푸드플라이 #데일리 #일상 #한우 #저렴한가격 #사케 #생맥주맛집 #도시락 #코엑스 #배달음식추천 #외식배달 #배달맛집 #koreanfood #이벤트 #한우초밥 #임실치즈
https://www.instagram.com/p/BFs6D83IEtV/,coolui23,"#모범떡볶이일산백석점 #모범떡볶이 #일산떡볶이맛집 #백석맛집 #먹스타그램 #배달의민족 #외식배달 을 통해서 일산 전 지역 배달 중입니다 매장과 동일한 맛과 양, 최선을 다 하겠습니다",2016년 5월 22일, #모범떡볶이일산백석점 #모범떡볶이 #일산떡볶이맛집 #백석맛집 #먹스타그램 #배달의민족 #외식배달
https://www.instagram.com/p/BFs5SbnFani/,kjmy03,#한우와 연어의 만남 ~~^^ #도쿄등심 #데이트 #잠실회식 #잠실맛집 #롯데몰맛집 #맛집추천 #연어 #한우 #맛스타그램 #먹스타그램 #송파배달 #외식배달 #잠실회식 #잠실배달 #배달의민족 #푸드플라이 #데일리 #일상 #한우 #저렴한가격 #사케 #생맥주맛집 #도시락 #코엑스 #배달음식추천 #외식배달 #배달맛집 #koreanfood #이벤트 #한우초밥 #임실치즈,2016년 5월 22일, #한우와 #도쿄등심 #데이트 #잠실회식 #잠실맛집 #롯데몰맛집 #맛집추천 #연어 #한우 #맛스타그램 #먹스타그램 #송파배달 #외식배달 #잠실회식 #잠실배달 #배달의민족 #푸드플라이 #데일리 #일상 #한우 #저렴한가격 #사케 #생맥주맛집 #도시락 #코엑스 #배달음식추천 #외식배달 #배달맛집 #koreanfood #이벤트 #한우초밥 #임실치즈
https://www.instagram.com/p/BFs4wY0lamL/,kjmy03,#한우맛집 ~~^^ #도쿄등심 #데이트 #잠실회식 #잠실맛집 #롯데몰맛집 #맛집추천 #연어 #한우 #맛스타그램 #먹스타그램 #송파배달 #외식배달 #잠실회식 #잠실배달 #배달의민족 #푸드플라이 #데일리 #일상 #한우 #저렴한가격 #사케 #생맥주맛집 #도시락 #코엑스 #배달음식추천 #외식배달 #배달맛집 #koreanfood #이벤트 #한우초밥 #임실치즈,2016년 5월 22일, #한우맛집 #도쿄등심 #데이트 #잠실회식 #잠실맛집 #롯데몰맛집 #맛집추천 #연어 #한우 #맛스타그램 #먹스타그램 #송파배달 #외식배달 #잠실회식 #잠실배달 #배달의민족 #푸드플라이 #데일리 #일상 #한우 #저렴한가격 #사케 #생맥주맛집 #도시락 #코엑스 #배달음식추천 #외식배달 #배달맛집 #koreanfood #이벤트 #한우초밥 #임실치즈
https://www.instagram.com/p/BFs47TfFamh/,kjmy03,#한우맛집 ~~^^ #도쿄등심 #데이트 #잠실회식 #잠실맛집 #롯데몰맛집 #맛집추천 #연어 #한우 #맛스타그램 #먹스타그램 #송파배달 #외식배달 #잠실회식 #잠실배달 #배달의민족 #푸드플라이 #데일리 #일상 #한우 #저렴한가격 #사케 #생맥주맛집 #도시락 #코엑스 #배달음식추천 #외식배달 #배달맛집 #koreanfood #이벤트 #한우초밥 #임실치즈,2016년 5월 22일, #한우맛집 #도쿄등심 #데이트 #잠실회식 #잠실맛집 #롯데몰맛집 #맛집추천 #연어 #한우 #맛스타그램 #먹스타그램 #송파배달 #외식배달 #잠실회식 #잠실배달 #배달의민족 #푸드플라이 #데일리 #일상 #한우 #저렴한가격 #사케 #생맥주맛집 #도시락 #코엑스 #배달음식추천 #외식배달 #배달맛집 #koreanfood #이벤트 #한우초밥 #임실치즈
https://www.instagram.com/p/BFpfNQRFaoV/,kjmy03,#한우맛집 ~~^^ #도쿄등심 #데이트 #잠실회식 #잠실맛집 #롯데몰맛집 #맛집추천 #연어 #한우 #맛스타그램 #먹스타그램 #송파배달 #외식배달 #잠실회식 #잠실배달 #배달의민족 #푸드플라이 #데일리 #일상 #한우 #저렴한가격 #사케 #생맥주맛집 #도시락 #코엑스 #배달음식추천 #외식배달 #배달맛집 #koreanfood #이벤트 #한우초밥 #임실치즈,2016년 5월 21일, #한우맛집 #도쿄등심 #데이트 #잠실회식 #잠실맛집 #롯데몰맛집 #맛집추천 #연어 #한우 #맛스타그램 #먹스타그램 #송파배달 #외식배달 #잠실회식 #잠실배달 #배달의민족 #푸드플라이 #데일리 #일상 #한우 #저렴한가격 #사케 #생맥주맛집 #도시락 #코엑스 #배달음식추천 #외식배달 #배달맛집 #koreanfood #이벤트 #한우초밥 #임실치즈
https://www.instagram.com/p/BFpe-4Llan7/,kjmy03,주말 잠실맛집 도쿄등심 데이트~~^^ #도쿄등심 #데이트 #잠실회식 #잠실맛집 #롯데몰맛집 #맛집추천 #연어 #한우 #맛스타그램 #먹스타그램 #송파배달 #외식배달 #잠실회식 #잠실배달 #배달의민족 #푸드플라이 #데일리 #일상 #한우 #저렴한가격 #사케 #생맥주맛집 #도시락 #코엑스 #배달음식추천 #외식배달 #배달맛집 #koreanfood #이벤트 #한우초밥 #임실치즈,2016년 5월 21일, #도쿄등심 #데이트 #잠실회식 #잠실맛집 #롯데몰맛집 #맛집추천 #연어 #한우 #맛스타그램 #먹스타그램 #송파배달 #외식배달 #잠실회식 #잠실배달 #배달의민족 #푸드플라이 #데일리 #일상 #한우 #저렴한가격 #사케 #생맥주맛집 #도시락 #코엑스 #배달음식추천 #외식배달 #배달맛집 #koreanfood #이벤트 #한우초밥 #임실치즈
https://www.instagram.com/p/BFolfrbFatG/,kjmy03,직원이 직접구워 한우초밥을 만들어드려요~~^^ #도쿄등심 #데이트 #잠실회식 #잠실맛집 #롯데몰맛집 #맛집추천 #연어 #한우 #맛스타그램 #먹스타그램 #송파배달 #외식배달 #잠실회식 #잠실배달 #배달의민족 #푸드플라이 #데일리 #일상 #한우 #저렴한가격 #사케 #생맥주맛집 #도시락 #코엑스 #배달음식추천 #외식배달 #배달맛집 #koreanfood #이벤트 #한우초밥 #임실치즈,2016년 5월 21일, #도쿄등심 #데이트 #잠실회식 #잠실맛집 #롯데몰맛집 #맛집추천 #연어 #한우 #맛스타그램 #먹스타그램 #송파배달 #외식배달 #잠실회식 #잠실배달 #배달의민족 #푸드플라이 #데일리 #일상 #한우 #저렴한가격 #사케 #생맥주맛집 #도시락 #코엑스 #배달음식추천 #외식배달 #배달맛집 #koreanfood #이벤트 #한우초밥 #임실치즈
https://www.instagram.com/p/BFehkVgxyAr/,flora81_,"방금만든 따스한 타코가 제일맛나긴 하지만.. 바토스만의 맛난 음식을 집에서도 즐길수있는 편리한 방법이 생겨났다는 사실~~~! 타코집인데 버거까지 맛있고 난리인 신사점에선 배달의 민족 서비스를 시작했답니다~~!! 배달의민족 어플에서.. 외식배달에 들어가시면.. 제일 이쁜 사진과함께 보이는 ""바토스"" 오늘.. 오구오구가 아구아구 스러울정도로 완전 인기많던 정말 탐나는 오구오구싱글셋트부터 정말 특별한 이름의 야무지게 알찬 구성의 바토스푸드가 배민라이더스 서비스가 되고있답니다💕 하리토스를 맛볼수있단것과.. 한개씩 여러가지타코를 맛볼수있단 큰 매력이 있는 애정 가득한 메뉴구성.. 지역제한이 있단것이 아쉬울뿐.. 그럴땐.. 바토스 이태원점, 신사점, 잠실점, 갤러리아점, 대전점에 방문하시면 된답니다~~☺ #바토스 #신사점 #배민라이더스 #가로수길맛집 #집순이 #집돌이 #오구오구싱글셋트 #오구오구 #타코 #멕시칸 #하리토스 #외식배달 #배달의민족",2016년 5월 17일, #바토스 #신사점 #배민라이더스 #가로수길맛집 #집순이 #집돌이 #오구오구싱글셋트 #오구오구 #타코 #멕시칸 #하리토스 #외식배달 #배달의민족
https://www.instagram.com/p/BFVXop2BooA/,baemin_official,"인증됨 [연어성애자들 주목!] 연어덕후들이라면 꼭 한번씩은 찾아간다는 쌜모네키친이 드디어 배민 외식배달에 론칭! 내가 레스토랑에서 먹던 그대로 온다네! - #Repost @salmone.kitchen with @repostapp. ・・・ 배달의민족 런칭기념 !! 배달의민족 앱에서 외식배달로 "" 샐몬플래터"" 를 배달 받아볼 수 있습니다. ! # 배민 런칭기념 이벤트 ! 배달의민족 앱 > 상단왼쪽 외식배달 클릭 샐몬플래터를 배달 주문하시면, # 선착순 10분에게 와인 2잔 [ 16,000상당 ] 을 드실수 있는 쿠폰을 함께 드립니다. :-) #쌜모네키친#salmonekitchen #배달의민족#외식배달#연어#salmon#먹스타그램#맛스타그램#송파맛집#잠실맛집#가락시장#가락시장맛집#연어회#연어사랑#연어맛집",2016년 5월 13일, #Repost # # #쌜모네키친#salmonekitchen #배달의민족#외식배달#연어#salmon#먹스타그램#맛스타그램#송파맛집#잠실맛집#가락시장#가락시장맛집#연어회#연어사랑#연어맛집
https://www.instagram.com/p/BFVT_lcodu3/,salmone.kitchen,"레스토랑에서 드시던 느낌 그대로 최대한 테이크아웃 용기에 담으려고 했습니다. :) 파티나, 모임, 회사에서 플래터를 배달 받아 편하게 즐겨 보세요 ! 배달의 민족 외식배달에 런칭 :-) !! #쌜모네키친#salmonekitchen #배달의민족#외식배달#연어#salmon",2016년 5월 13일, #쌜모네키친#salmonekitchen #배달의민족#외식배달#연어#salmon
https://www.instagram.com/p/BFVRk0QodqT/,salmone.kitchen,"배달의민족 런칭기념 !! 배달의민족 앱에서 외식배달로 "" 샐몬플래터"" 를 배달 받아볼 수 있습니다. ! # 배민 런칭기념 이벤트 ! 배달의 민족 앱 > 상단왼쪽 외식배달 클릭 샐몬플래터를 배달 주문하시면, # 선착순 10분에게 와인 2잔 [ 16,000상당 ] 을 드실수 있는 쿠폰을 함께 드립니다. :-) #쌜모네키친#salmonekitchen #배달의민족#외식배달#연어#salmon",2016년 5월 13일, # # #쌜모네키친#salmonekitchen #배달의민족#외식배달#연어#salmon
https://www.instagram.com/p/BFNxyqauvNB/,dakppoki,"#청춘닭볶이 #배달의민족 #배민라이더스 #배달 #비올땐집에서 #더울땐집에서 #배민 #배민짱 #주문 #부탁해요 #선릉역배달 #선릉역맛집 #닭볶이 #떡볶이배달 #대치동맛집 #대치동배달 #강남배달맛집 배달의민족 선정 ""배달시켜 먹어도 맛있는집"" 정성껏 보내드립니다. 배민은 시간약속도 잘 지키고 라이더 실수 인정과 사과가 빠릅니다. 타 업체에 비해 아주 인간적이죠. 아마 동종 업계 중 가장 빨리 받으실 수 있을겁니다. 모든 라이더 분들이 다 친절하시답니다^^ #어플 #외식배달 에서 #청춘닭볶이 를 찾아주세요!",2016년 5월 10일, #청춘닭볶이 #배달의민족 #배민라이더스 #배달 #비올땐집에서 #더울땐집에서 #배민 #배민짱 #주문 #부탁해요 #선릉역배달 #선릉역맛집 #닭볶이 #떡볶이배달 #대치동맛집 #대치동배달 #강남배달맛집 #어플 #외식배달 #청춘닭볶이
https://www.instagram.com/p/BE76Y5Wx3kf/,the_spring_kitchen,5월부터 봄봄키친의 음식을 배달의민족을 통해 배달 받아 드실 수 있게되었습니다-! 일산에서 배달을 하지 않던 식당의 음식을 집에서 맛볼 수 있는 서비스가 생겼거든요 . 배달의민족 앱에서 '외식배달'메뉴를 선택해 들어가시면 봄봄키친을 찾으실 수 있어요 😋 . / / / #봄봄키친 #배달#배달의민족 #배민라이더스 #외식배달 #일산맛집 #백석맛집 #일산돈가스 #일산돈까스 #일산모밀 #백석돈까스 #백석모밀,2016년 5월 3일, #봄봄키친 #배달#배달의민족 #배민라이더스 #외식배달 #일산맛집 #백석맛집 #일산돈가스 #일산돈까스 #일산모밀 #백석돈까스 #백석모밀
https://www.instagram.com/p/BE0sYthSPOb/,nam__k2,#모범떡볶이#차돌박이떡볶이#배달의민족 #외식배달,2016년 4월 30일, #모범떡볶이#차돌박이떡볶이#배달의민족 #외식배달
https://www.instagram.com/p/BE0VcL0oEma/,coolui23,#일산떡볶이맛집 백석동 #모범떡볶이백석점 드디어 #배달의민족 을 통해서 배달 시작합니다 이젠 집에서 즐기세요 배민앱 실행 후 #외식배달 에서 분식코너 터치하시면 됩니다 많은 성원바랍니다 #일산맛집 #백석맛집 #일산즉석떡볶이,2016년 4월 30일, #일산떡볶이맛집 #모범떡볶이백석점 #배달의민족 #외식배달 #일산맛집 #백석맛집 #일산즉석떡볶이
https://www.instagram.com/p/BEXvW8iEbwe/,seol.ji.woong,#배달의민족 #배민 #배민라이더스 #민트라이더 #외식배달 세차하니 깨끗 날씨마저 너무 좋구ㄴㅏ~~~,2016년 4월 19일, #배달의민족 #배민 #배민라이더스 #민트라이더 #외식배달
https://www.instagram.com/p/BDPlaYRRwYs/,the_snow77,#세상에서#가장맛있는#커피빙수#배달의민족#이용방법#외식배달#논현동설정#디저트클릭 #카페더스노우#논현동더스노우#4주년#사진리뷰이벤트#4월5일까지,2016년 3월 22일, #세상에서#가장맛있는#커피빙수#배달의민족#이용방법#외식배달#논현동설정#디저트클릭 #카페더스노우#논현동더스노우#4주년#사진리뷰이벤트#4월5일까지
https://www.instagram.com/p/BDPaqd1xwbk/,the_snow77,#배민라이더스 #배달의민족어플 #외식배달#논현동지역설정#디져트#카페더스노우#세상에서#가장맛있는#커피빙수 #사진리뷰이벤트#4월5일까지#4주년#감사합니다#사랑해그램#논현동더스노우,2016년 3월 22일, #배민라이더스 #배달의민족어플 #외식배달#논현동지역설정#디져트#카페더스노우#세상에서#가장맛있는#커피빙수 #사진리뷰이벤트#4월5일까지#4주년#감사합니다#사랑해그램#논현동더스노우
https://www.instagram.com/p/BCP1lG5wVpk/,moko_0427,#에그치즈토스트 #스프링코 #eggcheesetoast #toast #sprinco #배민라이더스 #맛집 #외식배달 #맛스타그램 #먹스타그램🍴 양이 엄청남,2016년 2월 26일, #에그치즈토스트 #스프링코 #eggcheesetoast #toast #sprinco #배민라이더스 #맛집 #외식배달 #맛스타그램 #먹스타그램🍴
https://www.instagram.com/p/BBEsGjoRwVo/,the_snow77,배달빙수 이용방법을 잘 모르시는것 같아서 알려드립니다.배민어플을 제일 먼저 깔아주세요♡♡♡동네는 논현동으로 입력하시면됩니다.리뷰보시면 고객님들이 남긴 글들이 있으니 참고하셔서 주문에 도움되시길 바랍니다.감사합니다.#카페더스노우#더스노우#배달의민족#이용방법#알려드립니다#배달의민족어플#먼저깔고#외식배달#동네는#논현동#배민라이더스#클릭#카페더스노우#리뷰#보시면서#선택#주문#감사합니다.#빙수배달#배달빙수#강남빙수배달#이색배달빙수#티비다수출연#오늘#순간포착세상에이런일이#SBS#저녁8시55분 #1월28일#출연합니다#복덩이#873회,2016년 1월 28일, 바랍니다.감사합니다.#카페더스노우#더스노우#배달의민족#이용방법#알려드립니다#배달의민족어플#먼저깔고#외식배달#동네는#논현동#배민라이더스#클릭#카페더스노우#리뷰#보시면서#선택#주문#감사합니다.#빙수배달#배달빙수#강남빙수배달#이색배달빙수#티비다수출연#오늘#순간포착세상에이런일이#SBS#저녁8시55분 #1월28일#출연합니다#복덩이#873회
https://www.instagram.com/p/_1a_tHEcgh/,bliss_bo,추우니까 스스로 몸보신 먹을거하나는 기가 막히게 챙긴다😂 #배민라이더스 #외식배달 #영양센터 #삼계탕 #추운겨울 #방콕 #낼은뭐먹지 🙄😆😎 #집순이 #일상 #koreanfood #chikensoup #samgetang 🐓🐓,2015년 12월 28일, #배민라이더스 #외식배달 #영양센터 #삼계탕 #추운겨울 #방콕 #낼은뭐먹지 #집순이 #일상 #koreanfood #chikensoup #samgetang
https://www.instagram.com/p/9nBP6DChrZ/,trixie0402,#점심 #배달의민족 #저스트츄 갑자기 츄러스가 먹고 싶어서 히히 #주문 했더니 #리스테린 이 뙇 #후하 이벤트인가 ㅋㅋㅋㅋ #배민라이더스 분 왕친절 지금 #외식배달 #1900원 이벤트중이라 자주 시켜 먹는데 #짱 좋다 #츄러스 맛있다 #맛스타그램 #먹스타그램 #강남배달,2015년 11월 3일, #점심 #배달의민족 #저스트츄 #주문 #리스테린 #후하 #배민라이더스 #외식배달 #1900원 #짱 #츄러스 #맛스타그램 #먹스타그램 #강남배달
https://www.instagram.com/p/8SPN_gBotO/,baemin_official,"인증됨 #배민라이더스_리뷰이벤트 지금 인스타그램에 배민라이더스 (외식배달) 이용후기 쓰면 외식배달 2천원 할인쿠폰을 무조건 드린다는 특급 소식! 😎 ☝🏽️ <방법> 배달의민족 App에서 '외식배달' 이용 후 자신의 인스타그램에 해시태그 #배민라이더스 와 함께 올리면 끗! 👇🏽 _ ""배민라이더스는 현재 강남구, 송파구만 이용 가능합니다."" _ <기간> 10/1 (목) ~ 10/11 (일) 👌🏼 #배달의민족 #배민라이더스 #외식배달 #배달의무도 #가락시장 #회배달 #배달 #배달음식 #강남맛집 #송파맛집 #이벤트 #먹스타그램 #맛스타그램 #소통 #맞팔",2015년 10월 1일, #배민라이더스_리뷰이벤트 #배민라이더스 #배달의민족 #배민라이더스 #외식배달 #배달의무도 #가락시장 #회배달 #배달 #배달음식 #강남맛집 #송파맛집 #이벤트 #먹스타그램 #맛스타그램 #소통 #맞팔
https://www.instagram.com/p/72q-cIyPAt/,nam__k2,#골든타이#배달의민족#외식배달#올림픽공원#맛집#태국음식#똠양꿍#카오팟#팟카파오무쌉 세상이 좋아져서 타이음식을 배달로 ㅋㅋㅋㅋㅋㅋ 똠양꿍 러브 ♡♡,2015년 9월 20일, #골든타이#배달의민족#외식배달#올림픽공원#맛집#태국음식#똠양꿍#카오팟#팟카파오무쌉
https://www.instagram.com/p/5rYUwBCqx5/,gardensang,let's sushi!! #은호스시#배민라이더스#배달의민족#외식배달#스시#초밥,2015년 7월 28일, #은호스시#배민라이더스#배달의민족#외식배달#스시#초밥
https://www.instagram.com/p/5JkOBiALKw/,lee00m00,#배민라이더스 #송파구 #외식배달 #배달의민족 #떡볶이 #김밥 #튀김 #순대 빠샤빠샤,2015년 7월 15일, #배민라이더스 #송파구 #외식배달 #배달의민족 #떡볶이 #김밥 #튀김 #순대
https://www.instagram.com/p/4JpkoUDYcv/,minpark876,과연 일일체험으로 끝날 것인가 #배민라이더스 #배달의민족 #외식배달,2015년 6월 20일, #배민라이더스 #배달의민족 #외식배달
